mfcc_1_mean,mfcc_1_std,mfcc_1_max,mfcc_1_min,mfcc_2_mean,mfcc_2_std,mfcc_2_max,mfcc_2_min,mfcc_3_mean,mfcc_3_std,mfcc_3_max,mfcc_3_min,mfcc_4_mean,mfcc_4_std,mfcc_4_max,mfcc_4_min,mfcc_5_mean,mfcc_5_std,mfcc_5_max,mfcc_5_min,mfcc_6_mean,mfcc_6_std,mfcc_6_max,mfcc_6_min,mfcc_7_mean,mfcc_7_std,mfcc_7_max,mfcc_7_min,mfcc_8_mean,mfcc_8_std,mfcc_8_max,mfcc_8_min,mfcc_9_mean,mfcc_9_std,mfcc_9_max,mfcc_9_min,mfcc_10_mean,mfcc_10_std,mfcc_10_max,mfcc_10_min,mfcc_11_mean,mfcc_11_std,mfcc_11_max,mfcc_11_min,mfcc_12_mean,mfcc_12_std,mfcc_12_max,mfcc_12_min,mfcc_13_mean,mfcc_13_std,mfcc_13_max,mfcc_13_min,mfcc_delta_1_mean,mfcc_delta_1_std,mfcc_delta_2_mean,mfcc_delta_2_std,mfcc_delta_3_mean,mfcc_delta_3_std,mfcc_delta_4_mean,mfcc_delta_4_std,mfcc_delta_5_mean,mfcc_delta_5_std,mfcc_delta_6_mean,mfcc_delta_6_std,mfcc_delta_7_mean,mfcc_delta_7_std,mfcc_delta_8_mean,mfcc_delta_8_std,mfcc_delta_9_mean,mfcc_delta_9_std,mfcc_delta_10_mean,mfcc_delta_10_std,mfcc_delta_11_mean,mfcc_delta_11_std,mfcc_delta_12_mean,mfcc_delta_12_std,mfcc_delta_13_mean,mfcc_delta_13_std,spectral_centroid_mean,spectral_centroid_std,spectral_bandwidth_mean,spectral_bandwidth_std,spectral_rolloff_mean,spectral_rolloff_std,spectral_contrast_1_mean,spectral_contrast_1_std,spectral_contrast_2_mean,spectral_contrast_2_std,spectral_contrast_3_mean,spectral_contrast_3_std,spectral_contrast_4_mean,spectral_contrast_4_std,spectral_contrast_5_mean,spectral_contrast_5_std,spectral_contrast_6_mean,spectral_contrast_6_std,spectral_contrast_7_mean,spectral_contrast_7_std,spectral_flatness_mean,spectral_flatness_std,zcr_mean,zcr_std,rms_mean,rms_std,rms_max,tempo,file_id,label,label_binary
-811.7432,21.899385,-627.6085,-832.7211,138.00812,23.73352,204.84071,114.11065,79.746544,13.735448,119.89063,15.222851,36.87084,4.9507146,57.161873,10.615618,21.152483,7.3243146,41.693577,-3.3390727,13.476661,8.666813,30.73506,-17.340242,3.228577,6.910436,19.709335,-17.445904,0.41236246,4.7535205,16.28283,-13.043916,10.068394,3.9500535,24.945282,0.049741924,19.423147,4.396639,31.607597,6.6065173,17.498878,6.157569,29.969984,-2.7678447,10.240583,7.939958,23.593178,-11.738339,7.3043184,7.734967,21.172235,-16.308277,-0.06497436,3.960803,0.102351986,4.619657,0.078298405,2.774935,-0.0073684067,0.9350152,-0.012612588,1.2335402,-0.0064157266,1.5107971,-0.018173005,1.2595795,-0.0260987,0.8998017,-0.015475407,0.7459024,-0.009823198,0.8358056,-0.017432515,1.167699,-0.024376318,1.4996431,-0.022027915,1.4509119,197.53389455750664,79.36933664305091,257.49437963894246,121.53901748322414,335.09797370839783,184.3393613771911,21.35195936476974,5.265676842788627,11.075813437115327,2.9591997649249144,14.428057499827409,2.9894094548649046,14.808884959039926,3.4270567340351934,55.681234266924726,6.147196216143951,17.419236844862592,1.58726285885813,17.62249066460229,1.1926480106919575,1.8429671e-05,0.00035040578,0.011864629692337461,0.003640875811458515,0.00088933506,0.00066084147,0.004840411,0.0,F_N_RC,Normal,0
-739.9993,20.036758,-564.5153,-762.34344,103.19984,22.000319,168.47089,76.434845,78.83112,13.271886,118.242294,12.387802,49.223885,5.043879,69.69893,22.92704,23.691442,7.0118513,40.781746,5.45072,8.369572,8.101105,25.686592,-14.195408,4.272721,5.790966,18.413425,-11.131129,8.132298,3.802758,22.761261,-13.464312,14.591125,3.678697,31.817535,-1.1162741,18.939295,3.496901,33.232082,8.723353,19.064085,4.511778,28.402485,6.473958,15.713687,5.9789815,25.939459,-0.8292638,11.12916,5.9466577,20.914978,-5.7230926,-0.10656684,3.9105976,0.019908087,4.2876253,0.064832404,2.6369781,0.009156343,0.99030465,-0.0077753114,1.1757933,-0.01364056,1.4045899,-0.022877963,1.0246395,-0.026747597,0.7216885,-0.014177724,0.7165529,-0.0016039843,0.6749623,0.0014087571,0.86281425,0.00067141623,1.1466771,0.0013554724,1.1568369,126.2632950597181,74.90272982909394,201.25394406366448,124.27662522134973,199.28212830156733,182.26860109500228,21.518907483163833,4.617339006245422,10.017654081002394,3.199520830147324,12.826384129814105,2.9842587824960187,16.297576970175925,3.6143810717033045,51.1203448559911,5.989326135121398,19.374672473227097,1.8699160028983843,20.081694904202795,1.336121649183793,1.161292e-05,0.00022870353,0.005292485003869969,0.002028871973103057,0.0024494997,0.0014348095,0.014375006,0.0,F_N_LC,Normal,0
-642.83,26.657543,-570.6824,-671.47864,71.709496,32.8755,159.82129,35.855614,57.77757,20.645544,111.16188,33.651005,39.958748,8.136095,73.7666,26.221758,23.821394,10.788457,50.079712,-3.170878,13.435627,15.355903,37.317657,-21.333113,9.983124,13.905505,29.75397,-20.681091,11.805578,8.676108,25.693333,-7.9215417,15.6769905,3.9832983,25.511066,4.0506473,18.52403,3.321837,27.806473,8.355476,18.708418,3.3538976,28.22603,9.877093,16.344173,3.7491567,25.631323,4.6161995,12.7115,5.1174183,23.748459,-1.5033234,0.0658196,4.8768263,0.07967183,6.027872,0.047324587,3.81249,0.013136003,1.4653442,-0.009206091,1.8513466,-0.016024575,2.7341664,-0.011343055,2.5303426,-0.0019027566,1.622608,0.005838154,0.7623973,0.0077109397,0.5742687,0.0037823764,0.580139,-0.001934518,0.69977087,-0.004910174,0.97997296,138.8291353667523,76.044350030207,196.76970301674928,105.31584607878771,251.06514851006193,205.07545290798333,23.39396263517298,5.306918266572207,10.211673214682692,3.1149162701471327,12.687015576864873,3.2125206357152924,17.58148511874473,5.134433112145935,49.49248516854863,6.099858203393943,21.813200332779928,1.8558912341540243,22.175668824242923,1.5784836853361603,3.0377562e-06,6.670748e-05,0.006299281636996904,0.00299741392522163,0.00409342,0.0045501427,0.04270894,0.0,M_N_RUSB,Normal,0
-735.8061,40.153572,-637.3688,-776.6175,115.58613,47.376728,231.73541,66.23729,84.69568,24.58475,144.835,50.23749,48.706482,6.237731,72.67257,14.580791,20.593317,17.517708,47.26981,-20.056404,6.4890823,19.47284,31.690113,-31.83575,4.8664994,12.766956,23.176006,-19.592285,9.754819,5.4637284,21.88478,-2.3892245,14.88781,3.085748,23.720161,6.7163568,16.689047,3.9797409,26.257137,6.4465923,15.108397,6.946384,27.497448,-1.238103,12.205094,8.103263,25.456028,-6.196548,9.782862,6.110686,21.454231,-3.772627,0.042556904,7.4785523,0.041556746,8.857589,0.0076876837,4.698175,-0.006572494,1.2518324,0.0013252058,3.1000705,0.008314629,3.4702315,0.004231314,2.2931058,-0.0006378088,1.0167047,-0.00042339152,0.58748674,-0.0021974454,0.7103107,-0.008732829,1.2588812,-0.012036603,1.4911674,-0.007939832,1.1533344,153.3368068584809,67.24129015179753,203.9174105452636,65.34729972392088,255.63178756288698,169.71411091179687,23.77275078588966,4.670594998720827,10.827132833032513,3.1868592922593613,13.549836021246396,3.3929345823039716,17.317777962135516,6.055582562389351,49.86759897946807,5.805534793114171,15.990568606754568,1.6543882438718982,16.133531700161882,1.4661432547863407,6.14759e-07,4.216884e-06,0.006953850619195046,0.0026126008785636932,0.0033893038,0.0025022803,0.012795483,0.0,F_N_LUSB,Normal,0
-717.2621,38.45696,-587.9157,-754.084,107.08614,46.245705,215.904,61.279564,81.35936,27.35876,144.07428,42.890076,49.879536,7.931571,71.615204,24.61824,22.82134,12.769077,47.00647,-9.654779,6.7979817,17.851936,34.528923,-33.467506,2.6499264,14.947976,26.22816,-29.20808,6.3932924,8.97486,23.201723,-11.996748,12.312799,4.9407086,27.105871,-2.2146983,16.078606,3.8834326,29.036999,3.4275424,16.176682,4.64278,27.334583,3.148789,13.517124,5.725297,25.096691,-2.0244913,9.960595,5.351614,21.819294,-4.432465,-0.24862623,7.1398525,-0.23557246,8.5944,-0.09455682,5.1723294,-0.033552624,1.6582158,0.021346353,2.1935833,0.060132425,3.108421,0.058875382,2.6211364,0.035134703,1.5776099,0.01997199,0.88580114,0.016586902,0.7262676,0.020328984,0.8765552,0.023914848,1.0927173,0.022203697,1.048224,163.57838726723386,70.96766884455117,208.30032477248875,77.99121102619729,270.4316980698529,167.3127122335331,24.268189736443333,6.04089720645598,10.669770532276305,2.928441391539749,13.353429592519753,3.0350501138057946,16.99564870320429,5.1642891314213974,50.13004734164388,5.753976758050966,16.13591759564171,1.2354758662597833,16.297533367641602,1.1863555165002926,2.6995094e-06,5.1700965e-05,0.00794930945239938,0.003386307689578955,0.003323528,0.0027740207,0.016893914,0.0,F_N_LLSB,Normal,0
-750.41595,29.152327,-477.2571,-774.4801,105.61805,31.975714,191.88219,76.67558,79.094604,20.94269,133.72977,14.238295,47.686844,8.242982,69.578995,25.126097,21.285578,5.836139,40.381386,1.2845162,5.5763035,9.392023,25.245493,-17.090424,1.231809,9.005714,19.379288,-20.283207,5.2050495,6.6789837,22.337627,-9.67021,12.232859,4.7501616,27.104656,-0.27688175,17.138256,4.005821,30.022861,6.280053,17.347965,4.1994414,29.044924,6.343153,13.724728,4.4662776,26.470322,2.3244567,8.897933,3.9865737,20.865376,-1.7653232,-0.22348337,5.2386045,0.005849571,6.0568185,0.07024194,4.1421337,0.023925837,1.7369958,0.006209757,0.9621972,0.0008387529,1.5870068,-0.006127991,1.5633045,-0.01407601,1.169738,-0.010978469,0.8222048,-0.004143107,0.6980225,-0.0010714199,0.75336087,-0.002021429,0.82487124,-0.004202405,0.7583581,174.63628706887752,79.10202393410293,244.675993882275,126.68181050245389,310.6981212509675,198.45802330311713,22.413000142636403,5.246563842116995,10.301515984053138,3.1914223085156355,12.896420778928187,3.1528519126927126,16.13762116086231,3.2844798306500262,52.42888551383386,5.858891849278262,17.842655765726803,1.54554561019053,17.900883828129277,1.1765007341758684,2.4138444e-05,0.0004604883,0.007946286039086687,0.002552592788234904,0.0018267729,0.001583603,0.010050963,0.0,F_N_A,Normal,0
-775.5647,39.245495,-593.633,-812.61273,143.61313,45.556057,240.45349,99.50409,91.092285,25.646828,144.48723,44.343452,43.638832,6.5285163,62.82374,7.4692726,16.416586,10.208968,37.413795,-12.839961,3.502845,12.392149,26.81292,-26.780287,-1.8623344,8.514475,14.512678,-22.924904,1.4501394,5.0212855,13.609192,-14.670567,11.649018,4.588685,27.247948,-0.4989317,19.117943,4.600096,32.274525,1.2087922,17.471006,6.64192,29.300892,0.38716462,11.0847845,8.444777,25.94968,-10.527506,6.746957,7.7781053,20.654957,-13.508554,-0.21978937,9.023904,-0.12086073,10.478813,-0.04069673,5.8561487,-0.028783873,1.2706369,0.013665951,2.130499,0.023633698,2.7398753,0.0040456797,1.8993859,-0.0063955598,1.0380062,0.006019392,0.9172028,0.017861757,0.9353587,0.020001529,1.4069408,0.018202256,1.8076888,0.016131459,1.653961,197.46479117559744,55.14633071500599,241.05778849379485,76.5729655022702,354.36452387287153,137.36810486857283,23.73555931599065,6.0225908983650305,11.871700093462794,3.535683637062168,13.179323192763256,3.0027857567148915,16.79142906099492,5.141354062605562,52.122596082207,5.699001297736021,14.530234372077881,1.734827583322752,14.588569298978197,1.7351937076586263,2.9248124e-06,2.7445029e-05,0.010608401460913313,0.00460541457666584,0.0022841375,0.002100238,0.007892694,0.0,M_LDM_LC,Late Diastolic Murmur,1
-774.6338,25.732603,-556.8004,-818.8809,165.06853,27.345253,215.42389,113.75812,96.416,15.114744,129.04672,17.613049,38.26996,6.397166,55.808807,15.835552,10.580956,8.745809,30.17078,-12.147723,1.8822067,7.9423113,20.51809,-17.531149,-0.44901368,4.7115927,14.226965,-12.42893,3.7114453,3.5696268,14.912218,-8.238669,12.691179,4.0054917,27.332912,0.39316392,16.018044,6.3616953,32.95794,-2.2925215,8.955528,9.659796,30.731693,-12.268393,0.67388594,10.517123,24.659454,-21.870716,0.2567559,8.18887,18.814404,-15.924678,-0.20743069,4.6096134,0.008333776,5.0769753,0.045118976,2.718645,-0.0065989066,1.2314317,-0.008200876,1.9695904,8.062829e-05,1.7504708,-0.002598044,0.9561787,-0.003434426,0.683896,0.012073113,0.7635357,0.025153577,1.0558761,0.024787294,1.6274725,0.019732408,1.8090435,0.017333006,1.3774384,191.93558203262336,83.05129630231403,229.14607390623385,116.31576059342751,353.4978624467879,188.07257170564975,21.895433354507045,5.185746594125029,10.363082289343255,3.427920953181773,13.712118818639196,3.560005164640313,19.197835421047724,3.6774091296234714,51.97636557079648,5.579966387421336,15.924873708016426,1.6257190019156398,15.048662848907528,1.0441478475855879,2.598356e-05,0.0005646486,0.009310601296439628,0.004405477620067571,0.0018972096,0.00085004716,0.0054424005,0.0,M_MSM_A,Mid Systolic Murmur,1
-708.3093,25.299768,-607.3849,-735.3698,91.15468,31.076023,169.76712,56.882298,72.489586,20.65002,122.569405,13.068518,49.043095,8.443588,68.392456,19.472265,27.870237,5.448222,43.671165,11.362305,14.247075,9.264703,29.328072,-7.991887,9.751351,8.824285,23.5308,-10.036749,12.15942,5.9844875,23.90961,-1.8371036,17.110718,3.9331627,28.207628,5.80866,20.523888,3.7092178,30.822205,7.382621,20.352938,4.7542505,30.304316,5.270254,17.054138,6.452104,27.640463,-0.01350677,12.700532,7.0352497,23.92062,-5.0383396,-0.081730925,4.871278,-0.03908436,5.9734845,0.02178229,3.9887757,-0.00018189935,1.7006706,-0.005874526,0.9399982,0.00418688,1.6381979,0.0024876373,1.5957569,-0.006109659,1.0932792,-0.004479687,0.7188069,-0.001126905,0.6892242,-0.0013884753,0.88990796,-0.002204585,1.2021304,-0.0021487745,1.314875,110.76793252297776,63.478387005109454,170.9270430125912,115.52030730995806,156.715719028154,149.82343284868728,25.642017330031642,4.932332677723861,10.582936465330189,2.992443006676658,13.432000141866855,3.373586077127318,17.404230136170938,4.25385125582492,48.704441960145125,6.613874791017694,19.277817894561718,2.7687312764641345,20.547482037758453,1.6885133080786525,1.175414e-05,0.0002795935,0.005520752708978329,0.001299747765770163,0.0052180453,0.0037812067,0.019470502,0.0,F_N_RUSB,Normal,0
-814.3221,11.25952,-747.85944,-834.41187,145.70193,13.447677,212.59157,121.8981,79.97373,10.179928,126.62221,17.41011,31.734154,6.945259,55.76613,5.3044224,15.0202265,5.4691577,31.9807,0.5834774,8.629045,4.2447953,26.357971,-3.9350352,0.038104083,3.3745587,8.482195,-10.549334,-0.9625278,3.2458565,10.649879,-10.66138,10.189376,3.5360258,24.380455,0.3504665,19.383114,4.890716,33.579777,7.337215,15.611186,6.3080816,31.915,-1.7322233,6.701512,6.7617254,23.579863,-9.12195,3.6351478,6.0811176,19.939564,-11.712069,-0.02095121,2.0815456,0.034443393,2.5236022,0.044107564,1.8698362,-0.0026097342,1.2335782,0.0005492972,1.044818,0.0138442805,0.8317708,0.0056066085,0.6214401,0.002577781,0.56881684,0.014853278,0.62941194,0.01873687,0.84731615,0.009809313,1.0940602,0.00091374473,1.1905643,0.0002722637,1.0737913,205.8876355725291,67.08521704656316,273.6509320540833,107.06709440861835,406.5642082285217,160.6486161920899,21.56184095981617,5.066883583351609,10.853787294484082,3.075828779267648,12.97544169064359,2.8250715624531453,15.56966304836628,2.21629152438774,55.417108461144366,5.449801387746132,14.931971373616507,1.2734671946709377,14.527402336970612,0.9205192457709321,9.23407e-06,0.00014044048,0.009896387625773995,0.00516035991350094,0.00082242506,0.00042520888,0.003842666,0.0,F_MSM_A,Mid Systolic Murmur,1
-809.4223,33.036247,-732.3494,-842.37695,160.67259,37.57796,248.08151,123.56195,86.81242,16.911253,128.28566,52.374146,32.89915,9.03928,63.671616,3.7110605,15.410368,17.387037,49.037,-23.702755,9.942592,15.881858,35.665085,-22.248758,1.0691967,8.575826,16.993881,-18.04367,-1.0021261,3.7009275,14.271476,-10.88629,9.607304,3.800017,24.815475,-1.3606,18.954878,3.4717069,31.272346,8.222198,16.076921,6.1583395,27.935322,0.6338812,9.266225,7.781466,21.65371,-9.972004,8.996218,6.4973154,20.556728,-7.3060894,-0.13032198,6.117525,-0.15273122,6.9899364,-0.07010549,3.2397628,0.024162767,1.6481475,0.07780322,3.0881288,0.0695591,2.8344674,0.030211309,1.5718275,0.0044524833,0.7070006,0.0046111797,0.6213672,0.015475097,0.6154011,0.025725383,1.167441,0.033251926,1.4584576,0.03269186,1.2267733,183.39766480141205,76.81218312710864,236.54996561496807,47.52081882322854,321.9147200923955,187.4966062200532,22.19468959349829,4.91653622883681,10.416678008688853,2.9653187443959146,14.063993763646929,3.0794110247527646,16.399669128099003,5.183121571275718,53.49500455498451,5.334694347037671,14.800306174723172,1.797227533660623,13.432005040696907,1.34279763325061,1.0748245e-06,3.9125634e-06,0.008939477312306501,0.004807619398651248,0.001417247,0.000639909,0.0040907506,0.0,M_N_LC,Normal,0
-778.01715,48.58161,-714.65454,-859.10114,217.21574,55.471027,288.01578,125.14992,104.43985,24.944796,137.42557,35.90356,19.649439,7.889367,37.423866,-1.8469429,-7.517847,21.031488,33.20266,-43.99847,-8.784366,20.271648,33.074368,-39.435974,-10.68399,12.375947,19.736408,-27.018002,-7.404183,5.871822,9.533558,-17.581587,5.2543235,4.577486,18.786802,-6.706972,11.311697,7.4427576,28.834679,-2.7187915,1.9507399,11.305824,24.430307,-16.091587,-7.7420235,12.015982,14.4279,-29.428743,-4.116121,9.042991,13.30525,-21.224491,-0.13874167,11.970634,-0.1407043,13.578325,-0.04283229,5.827711,0.020722894,1.9673836,0.057071585,5.4311395,0.064584926,5.1425095,0.035921015,3.035992,0.008374175,1.2434591,0.00883231,0.8126053,0.021555087,1.4357909,0.02502253,2.292351,0.016725253,2.4217415,0.0066590835,1.6990274,323.863432376369,91.23998839473187,239.32716869356503,82.89953012690185,512.9468982802825,138.25174385393834,22.815688589369497,5.73569995167499,10.015646587005147,3.0274466540224187,13.406277975901478,3.238043248674436,22.709012362751228,6.4720690311868365,50.78143919661053,4.54417716395216,9.47410167624767,2.322588093047133,8.460685644880016,1.717802744952636,4.0354316e-06,4.546996e-05,0.023035386029411766,0.008478284781381098,0.0022459205,0.0014720093,0.005068315,0.0,F_LSM_LUSB,Late Systolic Murmur,1
-757.73895,42.859844,-670.7431,-830.0788,186.47334,47.39748,254.7324,104.09542,97.468666,17.969286,128.13991,50.098206,23.095083,12.114603,61.368443,-3.040442,-8.817461,23.94633,45.296837,-47.62365,-13.4673,21.12674,30.879742,-46.847313,-10.208972,11.491751,15.284779,-31.709455,-2.2804494,4.3193502,13.780193,-12.19249,8.276267,3.865424,25.380754,-2.272091,11.754489,6.8115115,29.993645,-1.6604986,5.3673778,10.642255,26.222176,-12.955467,0.28804645,10.570436,21.43968,-18.300999,4.700526,6.5933886,19.01584,-8.795469,0.04107091,10.490247,0.032926872,11.555081,-0.0026404408,4.1357627,-0.0024421164,3.0799031,0.014955167,6.1012936,0.018334923,5.3543944,0.010508046,2.8654902,0.0043189195,0.90311146,0.00034805606,0.6610346,-0.008146198,1.2758135,-0.019943146,2.1863906,-0.022190547,2.172674,-0.011189948,1.2066344,316.34681457436005,120.78996924088989,248.64395372577255,38.5490514114453,514.9635527525155,184.41292688598458,20.769026092520715,5.2868506190768345,11.136502952279255,3.22053134772882,14.252473308390936,3.164037392357655,22.04015873715516,6.048051702383053,52.408494581492036,5.273011447017034,14.114553885113088,1.202020543214057,13.928965513883961,0.9999150144291663,1.1923837e-06,3.2797523e-06,0.02310568038893189,0.011625672910549023,0.0016405797,0.0007962666,0.0051652393,0.0,M_LSM_RUSB,Late Systolic Murmur,1
-760.4737,36.32856,-678.27423,-812.17053,155.82437,42.00737,248.65573,94.891235,94.74888,20.246008,133.21077,30.380474,38.34647,5.262313,51.120293,21.507984,6.9765306,14.648028,34.355785,-27.866678,-4.1163864,14.517643,22.957817,-32.04344,-4.9209995,8.514098,13.271926,-25.052418,0.84006613,4.189759,13.053957,-10.420437,9.049129,4.562739,19.55145,-4.020001,11.8680525,7.93334,27.644451,-6.174325,6.903302,12.34276,27.502369,-14.830734,1.4457618,13.368752,23.822887,-21.035734,2.086626,9.973483,21.418041,-17.119854,0.13720426,7.0493712,0.17995012,8.14366,0.114743315,3.8561618,0.010292103,1.0260012,-0.055491026,3.038012,-0.05561441,2.99975,-0.030996494,1.7322301,-0.010077852,0.7281624,-0.0024163635,0.74892616,-0.014182234,1.3767135,-0.03301486,2.219837,-0.037947737,2.4322143,-0.023688508,1.8058724,234.5591079790657,90.96864075731823,241.15190125182022,102.83676713466481,405.61421397300694,177.75120988005807,22.064611288698007,4.68284055123952,9.617966915674373,3.0151846375097775,14.398642710628714,3.344184552926537,18.926042742231772,4.959698455659759,50.83309105520586,4.069463885991539,10.536540900415964,0.9421622358269978,10.295769614666154,0.6715799338874829,5.6840586e-06,0.000103748964,0.013197954963235295,0.007512388508200835,0.0016010808,0.0008523241,0.0075317677,0.0,F_AF_A,Atrial Fibrillation,1
-862.1715,13.517639,-800.856,-880.5523,188.49548,15.245631,229.23022,135.30505,78.25986,7.6946898,99.744385,27.156723,13.019084,4.837467,32.68577,-0.5858358,8.726074,7.6551394,23.347225,-10.341292,10.855153,7.108259,22.73448,-7.9811707,-6.111138,4.2371297,2.737798,-20.852596,-13.324731,3.2914422,1.9319187,-21.578846,5.6619425,4.447918,20.24635,-4.2426624,23.688915,4.3576584,35.767006,9.724068,18.320742,3.4037325,28.663948,5.746727,5.211028,3.4398935,15.211636,-5.552097,4.0967007,3.369968,15.562529,-5.5888033,-0.062455595,2.7193727,0.016626759,3.1511686,0.03605089,1.5213141,-0.014067228,0.847855,-0.0015794323,1.5214674,0.014796871,1.3944461,-0.0003256089,0.784598,-0.01734405,0.5567132,-0.010274631,0.8483953,0.0013250279,0.8458301,-0.0032446152,0.579322,-0.008675935,0.5442587,-0.002065843,0.5680738,293.2018106030894,58.501511173224344,315.7480635415008,87.91163787705857,599.6297074545279,87.16548311735478,21.950727659992964,5.585896030612259,11.663984473754919,3.172125714373599,13.20391524618531,2.9147612691391327,16.135224357781397,2.9465273419609033,58.52201723010314,5.996774971997154,16.52989888475843,1.6373875657753176,16.621231910045285,1.3413033500707205,1.4670895e-05,9.654585e-05,0.01947985197368421,0.005636795338205933,0.00043857459,0.00023608051,0.0012991579,0.0,F_S4_RC,S4,1
-757.0909,24.045868,-706.8777,-809.4664,168.92929,27.171305,222.06091,108.42468,97.55107,12.205377,120.601425,48.997562,32.584995,7.4647202,57.026234,12.361506,-1.491988,13.499019,36.2604,-25.972939,-10.072231,11.502949,25.050957,-30.259964,-5.7460365,5.600601,17.752419,-17.691261,5.6089025,4.342096,19.212261,-5.26614,17.997374,4.448745,32.46556,7.580351,21.931501,3.2649841,33.589798,12.207125,14.982936,5.4467754,31.24154,1.8250794,6.270337,6.667826,23.793167,-6.0806417,4.2632504,4.965243,18.991852,-5.3229494,0.025087439,5.004659,0.056369204,5.603808,0.039178174,2.3298867,-0.031072179,1.7490176,-0.057611816,3.140671,-0.041495316,2.645703,-0.019550046,1.182886,0.0023344723,0.7455328,0.019065157,0.86276716,0.01577794,0.58329904,-0.008224798,1.1102031,-0.02406308,1.3598492,-0.018199269,0.9204146,227.20796173977357,63.47687323743657,259.39202506261057,60.25658256697525,499.446979912442,168.13886305015126,22.578276311168853,5.3046400408998515,9.886479427801591,3.3343856929609874,12.37997313660237,2.743664260797388,22.00740190947613,4.19449506902626,52.02416615187648,5.657934670472427,16.518060920255163,1.8304947391006237,15.773275398419733,1.1693303880430657,9.6936e-07,7.533212e-06,0.010696080446981424,0.004568432103171237,0.0019022356,0.0009604697,0.0061153984,0.0,F_ESM_RUSB,Early Systolic Murmur,1
-771.4812,36.124763,-660.17676,-830.3557,193.7471,41.077026,253.66101,126.21583,104.72066,19.839808,134.039,25.419876,32.96316,5.1520014,48.276245,-0.6284859,2.6326976,14.559057,33.20807,-25.949451,-5.37988,14.368037,23.920326,-30.851343,-8.5214815,8.461111,16.010624,-24.307894,-4.085058,4.4836397,12.179596,-15.822727,7.9913,4.835379,22.209942,-3.897017,13.916786,7.7571316,32.71198,-1.1639364,6.901015,11.695288,29.76028,-12.919752,-1.204893,12.538006,22.340408,-22.199425,0.55961835,9.56566,18.200062,-18.19819,-0.10724755,8.644185,-0.08512383,9.805658,-0.052657012,4.576865,-0.023471858,1.0406775,0.021197785,3.5890462,0.030209482,3.5546696,0.007586197,1.9848049,-0.014922715,0.7520957,-0.011834883,0.77335554,0.0009461542,1.4659797,0.007941577,2.3882282,0.010482599,2.5627258,0.0055894526,1.8413962,251.5213727017371,76.10506480267905,231.29985025504442,62.095388848695194,442.8806552946014,133.17637096517493,22.279920718268528,5.219069229225423,9.740506334938383,3.2321196685094518,14.18496342619333,3.040698415753246,20.613972279260793,4.866777856378541,50.86235458746879,5.025051479240307,12.399836411201596,1.9127609788906206,10.860429871119075,0.9059057440053455,1.3394871e-06,1.1233167e-05,0.014514651460913313,0.007278333370809748,0.0021560078,0.0009636119,0.0046145986,0.0,F_LSM_A,Late Systolic Murmur,1
-742.9445,25.589489,-613.2244,-792.4548,149.97052,29.26944,203.17386,92.04236,98.93734,16.161171,132.78058,43.39274,46.156334,6.3185706,65.292854,9.803259,10.44286,10.405377,36.575165,-11.195694,-4.8849216,11.30809,22.63367,-25.684309,-4.7480235,7.6968226,15.290716,-18.065947,4.4632077,4.2616944,19.11889,-7.2609415,14.816809,4.3654804,26.915806,-1.6733611,18.351847,5.616274,33.912125,-1.5188491,13.0072155,7.6714115,28.85024,-3.9584537,4.2381716,9.388055,23.653141,-14.765556,-1.6133735,9.274547,18.400276,-19.280806,-0.051330574,4.9413924,0.031415023,5.6153274,0.041093633,2.9427059,-0.02116456,1.1893795,-0.022069786,2.360457,-0.009386827,2.5136144,-0.004423174,1.6303697,0.0053948485,0.75602746,0.020108232,0.8577976,0.022664675,1.0289046,0.012518396,1.2814364,0.0040205372,1.592144,0.0002117718,1.5919017,228.38867168702654,60.597856376102484,229.2533972457328,74.67542947286925,408.2475313830302,159.2909709158435,20.6417079811496,4.604150333755543,11.415598485387783,3.8198938844222514,12.567375493749944,2.9206771951329653,20.867730104493795,4.1437834707719805,52.259857632850434,5.243875389680114,14.799970983072287,1.1367255852408757,14.671147764110598,1.0832290741536155,2.0622451e-06,2.8929227e-05,0.014120851876934985,0.0046028218270554285,0.001783409,0.0011297693,0.008223735,0.0,M_MSM_LUSB,Mid Systolic Murmur,1
-660.8636,27.536448,-523.89844,-723.6583,127.82963,31.81056,176.46262,52.876587,87.76657,17.096111,115.5638,23.508896,40.98788,6.101366,74.28356,26.165195,5.1476507,14.345119,43.664017,-19.68268,-9.616688,16.149523,32.839535,-32.224396,-4.7363095,10.944522,25.23017,-21.104832,9.770032,4.6844316,21.704443,-1.2461975,22.306816,4.394913,32.49669,12.101047,26.087954,4.4791794,36.540413,12.002197,21.292799,3.5041523,31.323606,9.98469,12.758402,4.5968485,28.028994,0.52945817,5.7247853,5.399786,23.477783,-4.1660423,-0.06886808,5.674829,0.036258698,6.6161466,0.07635581,3.3957214,-0.013685055,1.2632052,-0.069432914,3.3797576,-0.07731494,3.748243,-0.054126456,2.4925103,-0.02312907,0.89247024,0.0035202694,0.76995367,0.016048668,0.8501374,0.012415372,0.636515,0.00026676862,0.90888447,-0.012615024,1.0376519,218.36354719564716,73.34087441995534,243.24862699053782,79.04611139758538,473.9638006724071,203.65890751404396,22.42626224073387,4.976401734370265,10.132907548625653,3.473184842208761,12.529726208217541,2.9824680517202458,24.799394627924126,5.375426055069968,49.951783913941,5.820373615420952,18.905643497059426,1.4191914998311734,19.17917489081311,1.2405867208473622,6.9860045e-07,8.891255e-06,0.011405826722136223,0.004287263242392024,0.003598631,0.0028276052,0.02268997,0.0,F_ESM_LUSB,Early Systolic Murmur,1
-746.96814,12.398528,-681.8131,-769.3458,118.778465,14.709698,157.2203,91.17616,87.74352,9.693446,110.702774,41.121323,51.407265,5.778711,65.004944,24.527988,21.63007,5.579698,39.484886,1.6111168,4.3332705,5.532545,25.057022,-12.0015335,-0.05986135,4.00177,14.975639,-11.516752,4.9692073,2.9073398,15.274527,-1.8683922,13.416432,3.1730483,23.386211,5.4842625,19.104275,3.779469,28.83995,9.900316,18.87919,4.888568,29.266417,6.2717896,13.862323,6.0438595,26.116798,-1.528446,7.3717756,6.3978243,21.476215,-5.9295063,-0.05211026,2.2792003,-0.034599505,2.6709218,0.011445035,1.6926725,0.005642929,1.0699039,-0.0027623547,1.2043046,0.0027937777,1.1754773,-0.0045452695,0.77809536,-0.014647236,0.4812777,-0.010507233,0.60598,0.0011887521,0.73262393,0.009703828,0.8717499,0.011918409,1.0361819,0.009497447,1.0910463,152.13979600344,41.84627945675639,212.70792153009492,72.15943061850594,264.11506959897446,107.64007999545917,22.223647716179837,4.553170256379857,12.180097216760908,3.4186214949832987,13.252990959346048,2.8603648716577665,16.948062325432904,2.621482910435327,52.155606475328675,6.0138122733479245,19.967712450081933,2.1446470545510876,21.237032267801006,1.476571123331578,1.8740405e-06,3.461617e-05,0.006638659781346749,0.0023545675577870432,0.001989075,0.0009906393,0.010792766,0.0,M_MSM_RC,Mid Systolic Murmur,1
-753.6735,31.23878,-675.4479,-785.31647,133.02078,36.746464,221.82205,95.94453,92.516884,19.743166,139.87975,17.166275,49.098026,4.5170016,67.64249,27.809294,17.590502,11.343249,35.53007,-14.135677,1.8578669,12.662078,20.730019,-27.850695,-0.36983648,7.936859,15.487011,-17.979527,6.7997656,3.8421664,17.435553,-7.407484,17.094116,4.2756863,31.68464,6.9146047,23.249647,4.045335,36.503387,10.389671,21.8596,5.171292,33.14341,7.682777,15.609907,7.213103,26.545418,-3.5475116,9.1987705,7.4255934,20.78762,-8.481458,0.084821634,7.0422025,0.1582923,8.296808,0.12647021,4.440973,0.012138984,0.75752985,-0.046937592,2.3906963,-0.04608989,2.753201,-0.029368568,1.7175205,-0.012849752,0.72352654,0.0041834195,0.8524843,0.0067380574,0.80991906,-0.005634988,1.0595137,-0.01863462,1.5396831,-0.0227238,1.600496,151.65616211080746,68.86607300599336,206.57108969597687,97.16809159998881,257.0151125314435,184.83914742696476,22.54520276367555,4.430057330441413,12.302050124118622,3.573899928053243,13.001033232950457,3.1454853298836754,18.11877081421361,4.969451420861119,50.9879713559348,5.982992276427328,17.11989761626527,1.749520785654635,17.192398910227126,1.3146577346784882,2.548072e-06,4.857337e-05,0.007215375870743034,0.004054052848146395,0.002674758,0.0013196728,0.010654988,0.0,M_LDM_LUSB,Late Diastolic Murmur,1
-660.2988,22.024853,-577.20215,-709.5726,115.72059,26.370377,175.71051,55.357132,85.15481,15.745436,129.93011,28.983395,48.04641,5.4002357,76.05505,34.229874,17.211,8.573225,39.48128,-0.029474854,0.94576883,10.80418,26.288177,-19.913044,-0.08797195,8.219914,20.321247,-16.087185,8.179751,4.5073977,19.940083,-3.1371856,17.45428,3.7210164,29.331778,6.4069796,21.700068,3.4407668,32.040123,11.928569,19.492664,3.0961661,27.457165,9.732906,13.373434,4.6030664,26.267508,0.82958305,7.2826505,5.566267,23.666103,-4.5154963,-0.00751152,4.577313,0.04644212,5.462903,0.076406114,3.134403,0.010005564,1.0031002,-0.040341377,2.0850236,-0.04525807,2.5701532,-0.029159395,1.9122647,-0.012184913,0.91163206,0.0017341498,0.643114,0.005997805,0.6578765,0.00034224286,0.5857071,-0.005986221,0.89379555,-0.009821664,1.0787731,150.55455554657212,51.137006111743204,201.18208880453884,82.42261666109475,284.26494775541795,143.21611001844076,22.013879913470724,4.742213368938536,9.724836318492988,3.405717620187231,11.966907628691194,2.6761832532305205,22.06787709026873,4.2061790202644245,48.94312517627915,5.704778067263115,18.005676921915377,1.3923768024990053,18.054268274691214,1.1605696099505618,1.1775307e-06,2.3966964e-05,0.006515455688854489,0.0023559903377759262,0.00457011,0.0032209784,0.03430431,0.0,M_ESM_RUSB,Early Systolic Murmur,1
-769.1939,38.171936,-577.9336,-806.5043,139.51637,43.20293,242.76883,96.37402,87.73276,22.114983,140.91202,20.145618,38.887814,3.7724445,51.94349,26.520844,9.721769,13.08765,27.593988,-21.025604,-2.5712411,12.972525,14.906799,-32.03311,-4.8867936,6.011595,7.7358007,-18.652712,0.6417737,3.5890641,11.644581,-9.002689,10.396427,4.5372224,20.884314,-1.0298504,16.326248,3.080658,26.904562,6.9348364,14.229001,6.341591,25.739956,-6.620221,8.711903,8.250299,23.210535,-13.732903,5.6655536,6.2611837,18.549295,-12.569227,-0.21232419,7.066716,-0.05065358,7.9661446,0.031725675,4.023253,0.0038046094,0.66865224,-0.0024581724,2.481556,-0.0048392196,2.4025383,-0.0123537015,1.0506943,-0.017215895,0.66913766,-0.0045079235,0.86958873,0.014651724,0.5856587,0.026249856,1.2146657,0.026171098,1.5907255,0.017707169,1.2055523,250.73202774531867,55.62368000014298,282.08454378887694,93.47937512093395,516.3635442869582,117.91554728636005,24.061911116486858,7.0928109504271415,11.092914085376297,3.7454225412423052,13.160802480817033,2.952861821581963,18.055075063570335,5.457784995761806,52.05157768431842,4.912196233290292,11.726758089124143,1.1920465844964678,11.710901132010868,1.2865142431930356,9.383923e-06,0.00010966493,0.01386235003869969,0.004042191378451686,0.0015433454,0.0016201265,0.0063878964,0.0,M_S3_LUSB,S3,1
-786.4945,44.469135,-513.2575,-831.0685,173.88509,49.611538,277.12387,124.50609,100.02992,26.087902,151.04677,48.61458,41.617996,4.8524737,56.867287,25.271145,16.71818,13.419038,35.583733,-18.432888,6.944877,15.682607,29.100689,-27.863684,-0.8558876,11.337118,17.540516,-24.345707,0.17067344,6.565582,14.350754,-20.141994,12.2828665,4.891321,22.858633,-8.444249,21.299374,6.1571836,35.39873,-4.63572,17.318708,8.9296,31.256252,-4.576352,8.828355,9.999073,25.5595,-14.241745,6.6521034,8.159174,20.778877,-12.433655,-0.2364684,10.285689,-0.0005500309,11.436418,0.016431114,5.9644237,-0.022139398,0.8019651,-0.0018113952,2.9568815,0.008086089,3.5880415,-0.000977807,2.622437,0.0006944779,1.4589916,0.01980209,1.0566565,0.027739791,1.3902818,0.015909242,2.0156107,-0.0005597286,2.220062,-0.0066873194,1.7471535,169.73175196206927,79.17742450185271,201.54685581778062,72.54231129811241,277.58165483504257,165.26195361347837,22.980912309387598,4.611291410885998,11.358217666982314,3.0155237588222863,13.583374319762909,3.1809456725538414,18.170814608269993,5.258713552282768,50.00651061306724,5.121841622560325,12.558805367190843,2.1517787013416476,10.654050779474138,1.9335241637532332,2.64575e-06,5.097203e-05,0.00885860100619195,0.005708947128118211,0.0029563506,0.0017745064,0.008255732,0.0,F_LDM_A,Late Diastolic Murmur,1
-663.1263,27.835676,-602.9481,-724.39185,132.83165,32.704025,185.25458,60.32939,90.73127,16.983458,117.74969,36.93091,41.29771,5.3749957,67.218864,22.872704,3.1258159,14.204523,40.017265,-19.349571,-13.584048,16.018007,28.985418,-35.995354,-10.48568,11.01559,21.869316,-24.649403,2.2303872,5.207569,19.045078,-8.688812,13.307242,3.6507316,27.957088,3.9703624,16.7193,3.1874056,30.601934,8.328997,13.286786,4.574736,24.089973,-0.8823416,7.751108,6.5829697,22.779879,-8.399489,4.340783,6.4393783,20.31656,-8.863102,-0.03542488,5.9245987,-0.0043296698,6.911011,0.039308924,3.39532,0.007026183,1.1427106,-0.02802535,3.3538094,-0.025643125,3.7025495,-0.011069305,2.4705594,0.001692425,0.9975906,0.00943932,0.6291404,0.012636821,0.58772326,0.011637507,0.91172314,0.008240908,1.3388336,0.006905699,1.2412167,252.20565819186209,85.60837122374895,249.4043910966224,79.04695728259064,509.3635866147446,185.92893424773632,22.079961186551216,5.112383280090618,9.8826034894539,3.1805167950153446,12.616945641383507,2.7500264541525135,23.35486320124386,5.0910966539482,51.03607072902432,5.362497799587778,18.687864188350293,1.160470691932082,18.750930437672324,1.1757146957905207,3.3328095e-06,6.8250774e-05,0.013389941708591332,0.006116566748301536,0.0025137009,0.0017521027,0.021466712,0.0,M_ESM_LUSB,Early Systolic Murmur,1
-670.39703,51.86612,-409.71942,-718.0301,112.31978,58.122936,241.33406,57.056152,80.22508,27.221956,142.27759,11.569292,44.177696,7.440986,67.6483,12.828458,17.8414,24.845074,47.6464,-32.291542,7.02987,25.08293,37.55402,-39.75999,8.109898,14.387767,29.605696,-16.649307,12.824045,4.862083,25.335487,-12.13101,14.717492,3.3238866,23.77239,3.914779,12.607869,3.6220965,25.403008,0.11733447,9.262347,6.400048,25.180649,-11.438589,7.5613475,6.5791936,24.071806,-11.3778515,7.7972693,3.8568325,20.836563,-2.2884998,-0.3321622,9.867585,-0.13323995,10.9868,-0.008326888,5.1196737,0.027742563,1.4651544,0.06861157,4.817839,0.06534116,4.826758,0.023078848,2.6838343,-0.0127387745,0.7677861,-0.011212837,0.6470298,0.0070388177,0.66303825,0.018443875,1.1456753,0.017638218,1.1943605,0.007936299,0.694895,186.6390302548016,121.47393858729802,212.2953815386066,134.96222418581647,334.4313110729489,279.67688625032895,22.775676765441958,5.416704278248179,10.196495781087226,3.6398234896889616,13.00015394215963,2.973828734114039,19.312981524713013,7.772461817975177,47.50785630158444,4.652457792125126,13.261865166063437,0.8265897583028683,13.260515228640703,0.9366830495179768,3.325255e-05,0.00062345853,0.008882788312693499,0.004209227948369549,0.0042404016,0.0037091973,0.024192281,0.0,F_S3_LLSB,S3,1
-750.69183,54.083782,-637.6962,-805.26807,145.22635,63.48063,270.64838,80.31377,95.99396,33.43758,157.71371,11.542534,46.046795,5.053968,60.811905,18.234482,13.113713,17.547338,39.486656,-26.580544,-1.1814418,19.744625,26.488264,-38.478806,-2.7420034,12.353572,16.231945,-27.163363,2.9887636,5.020463,15.57615,-12.707535,10.503764,4.193867,22.32072,-2.630975,13.955355,4.570388,29.039703,-0.39161512,11.533999,6.642311,27.393063,-6.292409,7.0791664,8.206822,23.470867,-11.908182,4.6525593,7.366213,18.84178,-12.586748,0.00040022435,12.53879,0.118399,14.690935,0.11578738,7.674073,0.00766493,0.81189924,-0.03746441,3.980892,-0.036369104,4.5367756,-0.020693379,2.840379,-0.0071989708,1.0788429,0.004774995,0.819712,0.0060112462,0.88055676,-0.0019804605,1.4052285,-0.00637518,1.7954482,-0.0013973262,1.5899365,199.1205010993888,99.00638041692042,235.5920687476815,122.7950016579976,358.064501499613,219.4032463290192,22.937391003081274,5.183390164317478,11.464282548150386,3.1612494889610727,13.361860073623888,2.8596896447959077,18.82073580344273,7.055342326794414,49.43920548992292,5.165910040152349,11.494724423147296,1.8888064317876827,11.265193249806968,1.8403165937333705,1.2191902e-05,0.00024152455,0.009965170278637771,0.006455356133963029,0.003489423,0.0033878952,0.013153708,0.0,M_LDM_LLSB,Late Diastolic Murmur,1
-766.51733,30.254564,-684.7455,-792.7844,122.22274,35.859955,218.83226,91.017334,87.45837,19.531282,139.93062,25.420933,51.001446,4.5102773,63.73874,10.988956,24.614305,11.919882,43.556686,-7.742159,9.921334,14.762584,30.547367,-25.442448,5.052814,11.254763,21.098614,-23.386333,8.2843895,6.254437,19.762383,-7.06623,15.606145,3.6848028,25.406734,5.7518663,20.614191,3.965464,30.217949,9.5799885,19.80593,6.036849,31.539186,2.0989223,15.400542,7.6162148,27.477674,-5.2454987,11.287013,6.967611,23.463049,-7.68384,0.05793508,5.4313927,0.09016184,6.4528604,0.061034366,3.585979,-0.011813273,0.9060169,-0.04590308,1.9511839,-0.040972315,2.4657857,-0.037169434,1.9160235,-0.029764973,1.0933903,-0.0129222665,0.6537008,-0.00042322619,0.72333217,-0.003048417,1.0960721,-0.010276652,1.3783172,-0.009367405,1.2691922,123.84870633930069,62.438759867278236,181.94018341128975,84.06483973598561,193.0821657918924,149.9590962186613,23.419693279606804,4.644640197825812,11.789194984617598,3.2748077568491314,13.309015043274051,3.0513022178975153,16.223823722032584,4.598619937642377,50.30260522147252,5.811282005362071,17.197898992587863,1.6897225545059629,16.634319590775824,1.1230068008056613,9.555837e-07,1.8380222e-05,0.005995428599071207,0.0028762812361793257,0.0029356007,0.0011258923,0.009234114,0.0,F_AF_LUSB,Atrial Fibrillation,1
-819.73975,15.27538,-711.723,-843.9953,169.94739,17.286736,212.21744,118.34299,88.39822,10.251752,114.91969,14.652131,31.189175,4.573444,44.906513,16.288464,14.220191,6.8445745,33.61483,-1.4060996,7.847523,7.3247375,29.612434,-9.819562,-3.9416463,5.4716296,12.680217,-19.14364,-5.9773216,3.7326102,7.8996415,-17.201881,9.560369,3.3214297,21.361523,-0.88990945,24.117725,3.4793475,33.743122,9.8790455,21.968761,3.5283449,34.512375,9.281298,12.070001,3.858308,22.777699,1.488102,8.164561,4.1527867,17.52697,-5.9344697,-0.058049664,2.7349741,0.065588966,3.107404,0.06860397,1.8032815,-0.007548992,0.829852,-0.014909225,1.2962936,-0.0045036464,1.3211341,-0.0066171978,0.9504236,-0.0073580476,0.6498389,0.008497428,0.5896769,0.017844306,0.591232,0.010360812,0.5946808,0.0031197423,0.67880476,0.00630205,0.7333597,189.30990706727607,72.96333889841812,255.05415882111055,112.76679580182542,410.5141843435565,188.4559208235485,22.044553820010574,5.240244745708927,10.607198181371169,3.3102392786099766,13.589637834575303,2.8034934013776316,16.377149926889796,2.858099395896795,53.9921372046397,5.930442424776819,16.711258817840516,1.8967616728890573,15.06563212082116,1.0974600848308382,1.2573892e-05,0.00023806871,0.007990881385448916,0.003183945276684816,0.001237892,0.00043029693,0.0033420338,0.0,F_T_RC,Tachycardia,1
-767.3654,28.455482,-628.9818,-814.17395,166.60059,33.194958,242.41501,111.07182,101.35156,18.199177,134.07602,41.656456,42.844845,5.7407937,56.280884,12.92642,10.400837,10.812686,33.75019,-9.189503,-3.72557,12.56909,26.094982,-26.54895,-8.546562,9.46004,16.088188,-24.350916,-3.5417986,5.8645415,13.741613,-14.7449,8.609016,4.542591,24.631414,-1.1588099,16.47366,5.1006947,32.159004,2.7680383,13.638306,6.7867374,29.576305,0.67096466,6.98531,7.324482,22.961143,-7.672047,4.988357,5.669293,19.119846,-7.085879,-0.011082811,5.112499,-0.03396979,6.0014324,-0.043511897,3.2925704,-0.017994966,1.0540078,0.004894192,1.9468021,0.012638622,2.2365568,0.007427757,1.6553701,-0.001186878,1.0082356,0.0037846286,0.7801485,0.0133639965,0.88276273,0.01599817,1.2099952,0.013079129,1.3143078,0.0071043377,1.0198026,215.11687407818357,65.61174803819573,233.40362779101682,64.21683011886876,406.5808747944079,148.2154480768663,22.699939473975704,5.084007771160072,10.065320251637417,3.1478553883209663,13.63257097752043,3.0295225508542716,18.637599758353765,3.6885917821460534,52.28112097492857,5.458598408651071,15.454188898093722,1.4736837469232684,14.871304697964549,0.9695068395937008,1.452161e-06,1.9857674e-05,0.010330247436145511,0.003881569429600588,0.0019266696,0.0007673771,0.0058276784,0.0,F_T_A,Tachycardia,1
-787.01447,44.530262,-694.21173,-829.96106,169.50304,52.58592,277.4161,116.43675,97.89192,28.338667,153.46509,11.66023,40.682438,5.186621,55.918343,-1.0093116,15.521055,14.537157,35.698135,-18.42062,5.1478624,17.184412,30.538265,-31.916769,-2.7657766,11.727869,15.596185,-30.258408,-1.7545673,5.656939,12.966545,-22.053944,10.075197,3.9647484,23.845764,-2.695628,18.864412,4.4231052,32.90918,4.516712,14.959556,7.825161,28.173248,-4.187007,6.474816,10.330221,23.317665,-15.677948,3.994151,9.457479,18.936125,-16.073212,-0.048335,10.190593,0.008430511,12.134259,0.022378331,6.58862,-0.012122643,0.8691304,0.0032234045,3.2242892,0.013443631,3.9374301,0.0020427452,2.7088935,0.0007923985,1.2288992,0.00969994,0.77181506,0.01003189,0.9013594,0.0009190361,1.6916873,-0.006023278,2.264835,-0.005156923,2.042079,203.14368730596274,87.54010131893446,231.74653928536173,117.69946176375903,351.19787635448915,194.71624461376146,22.947264337458204,5.288918176593193,12.110925141847694,3.4652063252475225,14.021403214683959,3.1431566221890117,18.201754775858717,6.232703590402848,49.97067833666625,4.652234230696278,9.735151247821092,2.210411881441161,9.358457513133546,2.025355094481949,1.5776268e-05,0.00033482123,0.010609157314241486,0.00528115169341349,0.0024405455,0.002189812,0.008648221,0.0,F_LDM_LUSB,Late Diastolic Murmur,1
-755.35486,33.76243,-644.4837,-786.25543,132.20525,38.99813,238.86606,94.75406,89.93626,19.828722,145.12463,17.536657,45.691284,3.636128,56.843517,17.504644,15.262333,12.26535,34.601753,-15.959927,2.0198977,11.622991,20.203081,-27.655384,1.9731183,5.043999,12.963032,-12.250358,9.372301,4.4849977,25.577385,-3.3189461,17.629744,4.5189238,31.604855,6.7630544,20.8094,3.3111136,29.641436,8.842144,17.682098,7.854244,30.49022,-5.3794355,12.3380165,9.561232,26.47408,-14.64814,9.031835,6.6772594,20.70747,-10.333761,0.10872107,6.290761,0.21542875,7.4583383,0.14830971,3.8753698,-0.0011667364,0.67570615,-0.06161936,2.3759987,-0.057340857,2.195051,-0.03298585,0.8336416,-0.0033200164,0.8205023,0.013013393,0.8838509,0.0015583134,0.577869,-0.024380576,1.4861034,-0.035706256,1.8350542,-0.02572589,1.2749026,139.94989873761895,53.58817038026424,210.6574765238309,90.61217672054326,233.0652573529412,139.84752065680107,23.057967150694772,4.598860532165882,10.10518446183202,3.3641561306192544,12.80166868244284,3.1496525860813094,18.349824389498693,5.3840182950699615,49.53344668359619,5.164056257203091,12.972993107973643,1.6127383543449096,12.306748156153235,1.4661000246656142,1.6929613e-06,2.9189026e-05,0.005491274429179567,0.001677198340641931,0.0030779615,0.0017637883,0.008050452,0.0,F_S3_A,S3,1
-741.94446,37.96907,-639.408,-777.1081,121.523026,43.693542,213.10143,80.52495,84.50889,20.834656,131.00504,15.037509,42.998333,5.61701,62.598442,24.87784,11.986359,17.957718,38.74132,-24.52341,-2.2206051,17.553146,22.663548,-35.613205,-1.835767,8.724692,14.122299,-22.569235,6.411773,4.191483,17.409817,-7.1334248,15.175399,6.9269023,32.443054,2.8591905,19.390102,5.2643433,37.22107,9.027975,18.04094,3.741656,33.387924,5.9501934,13.541504,5.20844,24.28423,-0.10852337,8.854498,4.9618354,19.854845,-4.317338,-0.09141225,8.004963,-0.020143857,9.325679,0.04644432,4.477284,0.0062394915,1.1107309,-0.016617551,3.8337889,-0.013905629,3.735457,-0.0106678335,1.8113807,-0.009221352,0.71652085,-0.0058291894,1.3244109,-0.001792949,0.92835844,0.0014061423,0.636467,0.0017497016,1.0219218,0.00092525565,0.93873334,202.59806160491976,81.6364184000361,257.53802173885754,104.72150088891934,394.4142816974652,203.61236047715434,23.774106455871404,6.441249730097281,11.061601141580418,3.4420285322208586,13.040765642078675,3.177738863684055,18.661450852768596,6.426475841459541,51.73786026641395,6.565897906518435,17.584597766194687,1.799491348609242,18.410676661440753,1.3903354909758174,6.0638695e-06,0.000106641564,0.010209310903637771,0.004438553845755674,0.0025917902,0.0026210723,0.009968708,0.0,M_S4_LUSB,S4,1
-740.7668,33.711407,-649.44415,-768.6668,102.13448,40.24536,210.80672,69.17176,79.721565,22.445444,141.14737,35.48304,53.08145,5.1903305,68.60298,18.968327,31.026583,12.406339,45.87522,-3.986449,18.24413,15.142253,37.04684,-19.163084,14.485146,10.351194,30.506111,-11.269152,16.084972,4.316232,26.504549,0.76799035,18.57321,2.9137623,27.176884,7.619083,18.941835,3.0250745,28.913887,8.050002,16.717352,5.1670814,29.256851,-0.48424897,13.317253,7.3122997,26.082836,-5.8822484,10.377597,6.900953,21.912973,-7.206561,-0.12953046,5.8984137,-0.12699066,7.057169,-0.04702962,4.0058627,-0.013578342,1.0584441,0.0150460135,2.0549366,0.033502076,2.519197,0.018580372,1.7397354,-0.006058422,0.7926689,-0.014914654,0.58472145,-0.0066782194,0.57568926,0.0043148375,0.92743737,0.012212036,1.2882217,0.015871305,1.2146102,128.74417372421684,34.4958045549517,174.4358576554611,69.49080109115657,189.03219028154024,85.78981998709641,23.858732284922702,5.390207151767696,10.7670303148302,3.194048875879299,13.53947932420736,2.9139848875917678,16.357888523657923,5.245002647314632,49.352947803475324,5.8043967624487225,15.702943581601874,1.515926139950595,15.980038469589791,1.5920057129750294,5.56901e-07,5.8396317e-06,0.008801912006578948,0.0021306695558728924,0.0038034706,0.0033515065,0.013898879,0.0,M_AVB_LLSB,AV Block,1
-750.3778,32.07754,-659.2821,-781.1979,123.000534,37.395092,222.22708,87.13671,86.87114,19.447355,138.54579,16.307083,46.752937,4.4653606,57.156635,11.088163,16.522903,12.716801,34.906216,-14.1463585,1.4092197,13.114056,26.870193,-31.804382,-0.2362952,6.6727996,13.421373,-17.37151,6.5900774,2.921664,16.851648,-0.8497211,15.417204,4.8055553,27.143267,5.0925927,20.449902,3.3795073,30.174892,11.884674,19.614645,4.0958476,30.378717,6.156822,15.194067,6.0239987,26.809872,-3.5560093,10.571069,5.154132,21.086601,-4.290768,-0.13285933,5.958239,-0.086511254,6.8762183,0.0007380731,3.480531,0.009173895,0.8248079,0.028147792,2.411679,0.037128355,2.4385777,0.0140163135,1.2014191,-0.011501761,0.5200869,-0.0133480625,0.9119284,-0.0025742948,0.6388637,0.0072289696,0.7768128,0.010946813,1.1523255,0.009783639,0.9896311,158.87585698301797,66.29626928426936,228.07705903458034,111.51810774471114,287.66492719620743,185.29795609883425,23.462698010378535,5.10196952618752,10.92399723815453,3.7019197657353646,12.6478342574283,3.256432769080689,17.758976663771563,5.054140783641313,50.58110433588677,5.814591254619956,14.912687470594927,1.6538302007257,15.03031028333598,1.6216042817196195,5.6130684e-06,0.00010385241,0.006860124806501548,0.002390568474338175,0.0028294213,0.0022608843,0.008934898,0.0,F_S3_LC,S3,1
-755.1602,29.531448,-635.7916,-782.6445,124.769554,34.46105,230.58598,91.7294,89.11079,18.878567,143.78264,12.288055,50.08098,4.504391,66.78366,24.864685,20.855938,10.475997,38.26712,-15.117046,5.7547846,11.517533,22.225761,-26.759953,2.9639432,7.2972307,16.941277,-15.276337,8.34785,3.9334657,19.942635,-5.1675816,16.342796,3.3098686,25.917011,3.243462,21.324354,4.0398726,31.165173,7.967198,20.878162,6.079133,31.79997,0.5917238,16.890118,6.4209666,26.8147,-5.7375693,12.487888,4.5416203,21.171473,-2.082127,-0.089968726,5.0907397,0.0053475206,6.051364,0.07163277,3.382521,0.02503281,0.6790769,0.0040110894,1.79701,0.0042830342,1.975829,0.006663156,1.1869211,0.0078859525,0.549271,0.0115448665,0.46759796,0.01442881,0.65667874,0.010999133,1.0792319,0.0060714083,1.1553686,0.004066461,0.8030829,117.96541064010712,84.78418563926249,183.50872563635912,126.69823290486801,191.14884414909056,212.43922799760927,24.46371094478158,4.697669184014419,10.477778413718736,3.462384642271375,12.912278167721986,3.12471752824392,16.945617271856985,4.127386862940202,48.31156130282827,5.3704868787671165,15.271475505872965,1.681265268272475,14.048081762465285,1.1397379090825859,1.4494203e-05,0.00030389978,0.004751294020897833,0.0015705213506356766,0.0041519143,0.0019064395,0.011145671,0.0,M_AVB_A,AV Block,1
-652.6675,41.0515,-475.49493,-725.04694,139.06026,46.55535,236.4986,54.55014,91.60723,21.942299,137.96077,33.09645,38.53268,7.555463,63.938175,22.930641,1.4377105,20.996838,47.48484,-33.20893,-9.787867,20.994081,36.511417,-38.852634,-0.42368758,11.931265,29.10915,-21.025654,15.525306,4.554093,26.66415,3.2043734,25.54285,5.313016,39.01162,7.125544,25.398111,5.4740186,37.371574,9.956745,18.7913,6.3359475,31.935802,-2.4090765,12.03343,6.5570803,27.14569,-4.9425135,8.755831,4.9114084,25.423891,-4.4281693,-0.033034276,7.796811,0.1146694,8.932891,0.12370145,4.219255,0.011953847,1.5008043,-0.041863535,4.232655,-0.034015507,4.25854,0.0006709365,2.361958,0.020961316,0.59868145,0.017594548,0.9856734,-0.0020113885,0.88172245,-0.01755409,0.8507799,-0.016534183,1.0708872,-0.0028872439,0.9062769,200.9957279214819,84.12854047996763,230.18515393241765,98.30539877513735,427.76408003579724,220.73794582828128,23.340381897393616,5.524609162652119,10.838491591315535,3.255086253230678,12.04006122383423,3.878432126238399,25.275055780029565,6.893877706375637,47.07478277140372,6.169166736795685,17.029809503627423,1.721683702771703,17.722306946831363,1.3535623725826817,5.6387876e-06,0.00011156269,0.008808714686532508,0.0031564221404552506,0.006892231,0.004755978,0.024098773,0.0,M_T_LUSB,Tachycardia,1
-719.3491,34.209644,-630.4105,-749.44415,105.803116,40.98147,211.90216,69.19472,79.9487,22.749086,137.45451,41.14284,48.495743,4.1664677,59.783363,25.353668,22.345335,11.594441,39.669666,-6.5254874,8.112617,14.075591,29.130943,-24.815235,6.080159,8.85492,23.202126,-12.119123,11.516757,3.1229796,21.39635,2.2945395,18.124786,3.665995,27.488285,8.541663,21.425953,3.0449567,31.387932,13.099483,20.259441,4.24196,32.475365,5.409376,16.092737,6.7880898,27.866467,-4.7634006,11.232422,6.96399,23.628204,-8.804436,-0.028495824,6.2465296,-0.02340606,7.471235,0.0013342878,4.1176195,0.0029097178,0.6961662,-0.006578612,2.1339614,-0.006683329,2.575496,-0.003682346,1.5844816,-0.0068979817,0.4780849,-0.010514478,0.68938005,-0.009540846,0.6080833,-0.0067721275,0.79207283,-0.004660422,1.2553604,-0.0037001013,1.2905321,126.03815415526405,47.936993389574155,191.23388914892539,81.29273163826451,191.4655089009288,124.96432392452742,23.677659524066208,4.686631577685172,11.1451062054371,3.6718660805788788,12.475553076979743,3.4029604917884213,17.987453846123856,5.498957766941666,49.0885097285812,5.733314008063281,15.567134592378352,1.6111845839524817,15.761373872545082,1.5569643243658793,1.1723648e-06,2.2835986e-05,0.0055252878289473685,0.0018251195763025272,0.0043200757,0.0035650376,0.014393047,0.0,M_AF_LC,Atrial Fibrillation,1
-707.96924,52.945133,-599.32886,-790.4067,174.28441,59.611923,284.55255,80.30731,106.98694,24.820587,150.74756,38.276516,38.734734,11.429304,66.144,9.226458,-1.6873586,27.573109,43.338787,-49.573795,-9.443497,24.56779,31.860348,-42.55458,1.9959747,12.135211,27.17575,-15.324551,15.444548,3.8487797,28.948975,-1.6639287,20.251966,4.0230236,32.993553,3.2329466,15.315424,7.8032393,33.271122,-1.9726715,6.7772055,12.329604,28.722458,-13.681431,1.944982,12.720771,24.962582,-20.070911,2.8753572,9.367979,19.702932,-15.613078,-0.072011106,11.301296,-0.02049429,12.731282,0.038748804,5.199112,-0.01065292,2.557285,-0.036720213,6.1136518,-0.021762045,5.4045506,-0.0035324038,2.597102,0.008444438,0.6290973,0.02135287,0.70882493,0.024518942,1.4110037,0.021170925,2.3047087,0.020849958,2.336082,0.020984683,1.6299702,226.66162609765982,103.5927863938338,217.8703058573733,66.70062536567133,425.36409454818113,216.85971176366982,21.925855901620007,5.050651039324811,10.491114593368348,3.0573840558051035,12.131836952269186,3.0770989334569596,24.48788679217748,8.090379227657307,47.35514201470547,4.126212358513395,9.845415456156145,1.5934815802940645,8.249018824225,1.0070728148864583,9.703107e-07,1.8896304e-05,0.013123881337074303,0.0069702753450929765,0.004180121,0.0016932915,0.011096359,0.0,M_LSM_LUSB,Late Systolic Murmur,1
-666.6531,47.037373,-563.6066,-709.827,98.72554,56.90476,222.37436,45.689793,76.03425,33.33105,144.95923,15.687851,48.8711,7.542501,68.14673,24.907707,26.502518,13.842449,46.232594,-9.65033,14.251457,19.554567,38.076355,-27.396,11.698816,15.050867,31.067905,-20.775953,14.219155,7.563807,25.708809,-8.33857,16.583721,4.222379,26.329367,3.0409493,15.98265,4.0241294,27.782295,4.86357,12.739872,5.7646422,27.266647,-1.7907116,8.8717785,8.356744,25.046055,-10.397965,6.105581,8.937429,20.541948,-14.888179,-0.19280435,10.249423,-0.17950422,12.411501,-0.044319756,7.261482,0.013471989,1.5093751,0.047233257,2.9276178,0.06649782,4.2348876,0.05655036,3.2731986,0.030604903,1.628193,0.013169916,0.90819067,0.013027529,0.8814149,0.020230824,1.2144556,0.027655354,1.7517639,0.02733315,1.855193,157.22985174109772,80.44991838989466,183.29831028729842,118.76797791543223,223.51531510013544,178.177585261432,24.73517843965471,6.347241447009475,12.214946060993135,3.394548525385681,13.165211601148926,3.388737511335042,18.53583140209734,7.1792900812388245,47.27439117172701,5.990988726838892,16.168417632153748,1.4425025218502934,16.62423786534077,1.5267745245210422,1.4188182e-05,0.00032486767,0.010415658862229102,0.0030336077043535696,0.0073135733,0.008122832,0.029740244,0.0,F_LDM_LLSB,Late Diastolic Murmur,1
-682.8666,34.385548,-491.74377,-739.335,133.50275,39.344856,216.5386,66.55664,94.75428,21.420403,132.59566,14.732441,49.62471,5.871362,64.25837,19.126131,14.793222,14.714299,45.00544,-25.477915,-0.7495918,16.985723,34.68994,-36.925774,0.9577513,11.690832,27.541859,-16.297684,10.477446,5.3665643,24.13843,-2.076004,17.887516,3.724138,31.392715,9.418835,18.356474,5.0311723,32.170128,7.800991,13.185265,7.979278,27.718258,-2.2441218,6.8591065,10.182383,25.735493,-9.960568,3.0199897,9.854746,22.151524,-12.980324,-0.19448237,4.941564,-0.036656175,5.55968,0.033287615,3.0908136,-0.001874117,1.159635,-0.0049804267,2.3193076,0.0026518672,2.5149317,0.0036870157,1.6650949,-0.0013044571,0.82544667,0.0008533034,0.7684059,0.0039731897,0.9229941,0.0025801584,1.2365422,-0.0010522039,1.4599397,-0.003379119,1.355731,182.75740171277167,84.62203985519653,201.81898706290153,117.64304051260513,336.11463422745743,195.49979041453133,22.630891652159672,4.919846424873141,11.086228983312948,3.7223162615099925,12.479855630365218,3.188364346270821,22.1529243208254,5.650922233124819,48.588270635232426,5.109597258466309,14.541431126439926,1.1410591317643575,14.249236303775957,0.9887495055030674,9.059293e-06,0.00019864191,0.009792079866486067,0.004411760481658914,0.003804254,0.0017382372,0.017851077,0.0,F_MSM_LUSB,Mid Systolic Murmur,1
-686.80585,38.9689,-594.74963,-743.1651,136.01892,46.29885,208.32819,68.09558,96.55092,25.039885,137.19556,58.0301,50.00599,7.397339,73.54803,13.706888,13.630387,17.056753,40.847397,-17.28873,-3.4911005,19.91281,29.90583,-36.64415,-3.142573,14.172708,24.836384,-25.148342,5.611204,6.9446325,22.870861,-14.990557,13.118826,3.9329138,24.62645,1.8468163,14.493596,5.4152613,26.850046,1.781259,10.686577,8.909451,26.896927,-7.7398424,5.63165,10.867577,25.541315,-15.447935,2.4430914,9.73435,21.147968,-15.911417,0.09601339,5.024531,0.099831864,5.898331,0.036421087,3.0343857,0.009680072,1.157699,0.014649288,2.6179686,0.008957335,2.8925998,-0.012089653,1.9938191,-0.023991289,0.96604806,-0.022943914,0.6702349,-0.02300746,0.8196196,-0.025795724,1.1854541,-0.024386413,1.4041599,-0.021527143,1.2509605,213.07622399471003,85.82846641609963,204.73544098310532,48.676922141426736,360.8644845684984,182.98776686952726,21.215723577699357,4.876360771978832,10.421450187023822,3.299903432577189,13.132936045671688,3.1989943810286414,21.46989848894358,6.114981274226168,49.674662424071364,5.114628954012096,15.795356224906582,1.1737388648056106,15.691085078663049,1.0304913807720386,3.7490815e-07,1.3846886e-06,0.013639373306888546,0.005857426393827237,0.0034191026,0.0026473037,0.020442441,0.0,F_MSM_LLSB,Mid Systolic Murmur,1
-721.4942,29.219835,-581.3007,-761.1619,120.15875,33.565735,279.9292,73.92655,81.974976,15.133045,153.51819,46.11212,37.43265,7.939051,56.496254,15.174187,3.079625,18.171732,34.300755,-33.19278,-12.633145,18.441164,19.1207,-43.044296,-11.120416,11.306601,11.740505,-30.214825,-0.25486833,4.02414,22.052525,-10.664503,10.944706,4.597448,25.514006,0.86230654,16.724533,5.058637,31.198246,3.917214,16.300543,4.724578,29.208157,-2.9620323,12.369384,5.3939624,26.164923,-2.1357124,7.9907227,5.237327,18.948618,-5.7055054,-0.023910427,4.5212855,-0.018328026,5.155729,0.013398991,2.263764,0.03580078,1.5043545,0.040268544,3.0414615,0.034535117,2.9893131,0.024684904,1.7952869,0.011694014,0.6776156,0.00013076577,0.86779743,-0.0036224208,0.9642116,-0.0009111587,0.8599635,0.0010809662,0.85720575,1.1403863e-05,0.77530104,289.24967835127137,116.78658468960978,279.0552381287919,97.18101957159378,536.9300865905573,195.77443036788253,20.327244223025343,4.528080355709238,10.903500788782274,3.25837471862736,13.659532396228203,3.0246424960960074,19.53465206161911,5.12876220845162,49.24939710061117,2.9389543500385242,8.933889412164273,0.6989133822152267,8.894241371435696,0.5997539172678102,1.2838617e-05,0.00025101556,0.01866882135255418,0.0110675626064631,0.0011925269,0.0014771969,0.019115325,0.0,M_AVB_RC,AV Block,1
-701.62646,21.602537,-591.6159,-751.4977,129.48125,25.37495,183.22583,69.57229,95.99039,15.490317,129.66559,17.207546,56.23014,6.47802,73.04962,21.719473,24.088842,8.399094,40.574596,-1.3132858,7.5425014,9.301256,31.08702,-19.227322,5.831252,6.577664,24.520834,-15.95179,11.804194,4.5871983,22.652025,-6.196903,17.172985,4.8548493,29.43634,-0.71484387,17.133595,5.6089206,31.49857,-1.1996477,11.923848,7.5790358,26.610777,-5.747127,5.0453014,9.497567,25.11462,-13.45417,0.05436626,9.821337,21.541824,-17.84932,-0.094705395,4.236895,-0.019241529,4.8044367,0.043849662,2.7291913,0.0161048,1.144946,0.015794486,1.7774518,0.019351386,1.8850796,0.004057298,1.1636938,-0.009534876,0.6759082,-0.007179905,0.8784589,0.001317625,0.95997345,0.003322213,1.2270721,0.0010089859,1.5940448,-0.0021730592,1.6761587,147.73672731049163,63.31224430302645,173.015651459635,105.49791894760561,236.88190094088623,120.73224551408435,21.286149408599144,4.546532441085373,13.128092639892078,4.591838892704363,12.977630816973369,3.248599478910537,20.238449947723883,3.76881806637843,48.45956064315814,5.589423181321072,16.932062487573923,1.3504690250013767,16.771619227416462,1.0695351645935811,3.6447525e-06,8.0289064e-05,0.008496547261996903,0.004734575290141416,0.004449959,0.001964826,0.018721307,0.0,M_N_LLSB,Normal,0
-725.8768,18.190601,-697.33887,-763.29767,121.82543,22.385246,156.72336,76.25792,91.183,14.283393,113.757385,42.532898,53.926712,6.446795,66.8515,21.485552,22.653456,6.217862,38.529655,5.540129,4.9047318,7.427632,26.006643,-10.093229,1.2920135,5.8607855,21.127193,-9.356665,6.88583,3.9172752,22.058586,-2.250398,14.467807,3.9618406,27.497063,5.8567,18.223309,4.931639,31.55131,7.9855213,16.219666,6.346092,29.74113,1.8490622,10.363161,7.746032,25.636925,-5.586734,4.1545105,8.18541,20.159088,-10.347402,0.057936087,3.459175,0.082801536,4.227903,0.0683759,2.610764,0.024435256,1.1536598,-0.022874352,1.4133822,-0.040885296,1.6442022,-0.031212939,1.2034006,-0.014134536,0.6934713,-0.00066265307,0.75403726,0.0058054435,0.9309209,0.002961792,1.10036,-0.0059661465,1.3114233,-0.012795701,1.3943223,151.1400469426676,47.84131656999356,192.1042976514021,73.74533355568701,243.61519355892028,102.74970850491052,21.812361207983333,5.203199144409137,12.004794336691923,3.848839113922482,12.349155188889663,3.0289812385423986,18.47303328451335,3.0616237616265196,50.742121828065564,5.804777377069414,19.19680685549123,1.9872417945409744,19.98617285268078,1.366217961632564,7.1669734e-07,1.116602e-05,0.0079515770123839,0.004014058285552295,0.0027745191,0.0016357207,0.013480719,0.0,M_MSM_RUSB,Mid Systolic Murmur,1
-651.0091,40.536377,-559.2479,-690.56525,86.52418,49.33946,197.63736,37.22422,67.974,29.279701,132.58855,35.646637,45.44567,7.1504297,62.880108,28.119106,26.746553,11.498954,44.354218,-2.0495417,16.39482,16.854319,36.7151,-20.51778,14.162439,13.190431,31.533258,-10.832986,16.325424,6.371536,28.24472,2.9869652,18.487177,3.1949837,26.493706,7.1065683,18.101725,3.1164217,26.158718,8.777142,15.270024,3.750535,25.812895,3.0157914,11.710329,5.6078234,23.388943,-5.5596094,9.03185,5.9155283,20.201202,-6.8952312,-0.17848493,7.577295,-0.2136474,9.201128,-0.12202919,5.406414,-0.02678805,1.2292243,0.037854847,2.198652,0.061760623,3.1825902,0.049015723,2.4451928,0.016272338,1.0800915,-0.010774305,0.4986233,-0.015747262,0.63089824,-0.0040011723,0.7699895,0.00856503,1.0809331,0.012748335,1.1046252,139.19771866004402,37.13742385666025,177.9230324464598,71.98106936111245,193.1488320554373,81.64800256361221,24.887509885522462,6.3283311599320164,10.75023051372453,3.4895250528426787,12.78508659718547,3.126575996765556,18.39143241227922,6.759091981130113,46.83365351272188,6.1545714717412086,16.372677331199412,1.5446222412745698,17.00932988921532,1.4936314899529917,1.5668385e-06,3.165017e-05,0.009555497774767802,0.00201693168828454,0.0087053,0.010149635,0.034463435,0.0,M_S3_LLSB,S3,1
-712.72534,33.904408,-604.2569,-788.54834,174.26825,38.655922,232.09335,86.566414,109.588165,17.80546,134.51288,46.225235,42.224552,7.4541826,64.369804,6.56197,-0.45626494,17.391298,41.803116,-26.781528,-12.067287,16.335896,28.771564,-34.982273,-2.6687095,8.661599,21.800358,-15.467899,12.438537,4.0817914,21.666658,-0.6412955,21.170954,3.8530798,32.27531,9.14582,19.105959,3.4830148,29.217537,7.6427937,10.422218,6.6223927,29.722626,-4.902392,3.4182038,7.8275905,27.472366,-11.645556,2.6541142,5.931558,23.341053,-8.158825,0.05091067,7.282441,0.048270248,8.219172,0.003942989,3.4867818,-0.014661234,1.7956765,-0.0065798643,4.0908537,-0.0018662476,3.7757914,-0.002679497,1.920899,-0.002482502,0.6420786,-0.0055129696,0.66565955,-0.010766169,0.60208976,-0.015257308,1.3629766,-0.012411336,1.6034647,-0.0012591025,1.0966085,212.36701050009805,64.60663954641436,225.7322719005183,56.21256021878174,430.33073118227554,163.78580869781374,23.252266909447965,5.715893184773982,9.34546322479099,3.432467139271958,12.506649915407683,2.7653231605450275,24.87990119580248,5.691983163457028,48.84432160905256,5.109529214791465,14.006977679098402,2.00586594759321,12.903263184776751,1.4409765884061796,3.6726695e-07,3.5258342e-06,0.010797364792956657,0.0034733852100732035,0.003899403,0.0018702777,0.010550722,0.0,F_ESM_LLSB,Early Systolic Murmur,1
-705.5916,37.15795,-647.4768,-768.4736,147.70375,43.004993,215.42004,74.14762,98.055,20.311563,136.6707,61.199097,42.30904,7.330597,70.88545,19.63007,2.458557,18.93401,42.041733,-30.409267,-12.485251,19.164925,26.5522,-42.87474,-7.5947747,11.509282,20.401657,-27.200726,4.864144,4.342371,20.869587,-5.1317677,13.921828,3.4488895,24.826984,4.25481,15.101415,5.5481997,29.594007,4.033144,10.5756855,9.059756,27.19344,-5.4358587,5.32113,10.7656,26.210796,-12.689027,2.571645,9.443764,21.336819,-13.311043,0.21527289,8.899391,0.24181654,10.220487,0.098691784,4.5587907,-0.034956757,1.7102008,-0.10143478,4.853202,-0.10076931,4.89043,-0.061710875,2.915825,-0.014813807,0.9355767,0.013442956,0.5489257,0.009715205,0.96122074,-0.013584598,1.7816947,-0.02896376,2.203733,-0.02315618,1.8957964,253.56564093934395,102.99149541336705,235.41401381328018,64.4506307623449,458.28056217347137,207.86544514541268,21.452834875899214,5.068413793642527,10.263691474133037,3.2761972567954256,12.801847894283675,2.9107337357597847,22.090202624067,5.798424482083158,51.0422107377099,4.949357470473217,16.21324391207359,0.9742520943697229,16.16738546782356,1.0318650635812536,7.0249405e-07,5.2298706e-06,0.015834371371904025,0.00866728706020433,0.0022793447,0.0014720603,0.016302275,0.0,F_LSM_LLSB,Late Systolic Murmur,1
-730.5474,25.852575,-662.57794,-786.10046,163.02174,30.509867,225.09889,96.98949,108.314,16.96782,139.92096,16.530205,49.737103,5.5348883,65.86168,13.478304,8.556583,11.699092,38.151283,-20.117687,-9.183519,13.576608,27.303707,-38.762596,-7.922631,10.149344,18.935047,-27.110765,4.0286775,5.9982667,22.755836,-11.216322,16.859913,4.065443,28.155659,4.0796013,22.182846,3.5138888,33.658516,8.843486,18.183634,4.4229894,30.678123,5.6473274,10.342247,5.6122622,25.185944,-3.7671037,5.0498953,5.3783207,20.731113,-8.302574,-0.08768079,5.2637653,-0.020184178,6.1560893,0.043498076,3.2357802,0.0174488,1.1307592,0.011967674,2.7767448,0.012711447,3.156405,-0.0007828485,2.311063,-0.0073711616,1.2189465,0.002929068,0.65353835,0.013123923,0.5629712,0.0118992105,0.83238786,0.004480158,1.1053581,2.2517639e-05,1.0180938,176.13762988310245,80.07647308371762,214.89207380008762,116.44739290673202,370.9477569296633,198.8668392949904,22.431274731035632,4.889874053617819,9.505595181804786,3.2469931606055336,12.52270269204682,2.9470132615295004,22.17007539136414,4.401625665886905,48.63440523677412,5.330611051084762,14.980600686673348,1.6813254182025017,13.403329759234193,0.9705256107893381,7.386828e-06,0.0001586361,0.007498065015479876,0.0033234828723753547,0.004025369,0.0014222978,0.009764618,0.0,M_ESM_A,Early Systolic Murmur,1
-692.1792,29.147877,-570.19305,-741.056,109.318146,34.440655,171.76263,49.964645,81.885254,19.87138,113.48728,11.082809,49.155037,6.055675,69.881165,20.233604,22.467356,11.248123,45.34886,-4.556769,8.58035,13.675622,32.70809,-17.359331,7.0366044,9.995717,28.124287,-9.099899,11.905028,5.6595707,26.42298,-2.2816858,16.273302,4.3446636,29.112581,4.5384135,16.268736,3.6064754,27.930517,7.1466103,12.352541,5.6410656,25.565239,-3.8834214,7.679748,8.333822,23.965683,-11.979349,5.18882,8.47878,21.112125,-10.402487,-0.18563274,5.211153,-0.12072586,5.9744186,0.006843183,3.2750902,0.02626645,0.9487623,0.04048688,2.1347299,0.048679806,2.6013296,0.036797106,1.9230305,0.017231852,1.0188488,0.0047979536,0.69239426,0.004581765,0.6674408,0.011685209,1.0047493,0.01793748,1.3829628,0.019238694,1.3446659,145.33022730023936,82.62396623773083,192.2308346518836,119.89712211974036,251.68181144785217,193.22835902254963,22.46970102244957,4.924590897223849,10.677834214886206,3.6144596772831745,13.925086122241979,3.254676334165968,20.20024211295468,5.357903238920071,50.060070572691025,5.79188838191078,19.74900205702322,1.5844331042554258,20.06906598625884,1.3212970213441158,1.9271674e-05,0.00041893846,0.006851810419891641,0.0027406950885030825,0.0034193527,0.0019913486,0.02085415,0.0,M_AF_RUSB,Atrial Fibrillation,1
